User Id,Name,Screen Name,Created At,Followers,Following,Favorites,Tweets,Lists,Language,Bio,Location,URL,Timezone,UTC Offset,Verified
117839957,John Hickenlooper,Hickenlooper,Fri Feb 26 19:57:34 +0000 2010,147860,642,432,3697,2707,,"Candidate for President. Former Governor of Colorado. Dad. Husband. Craft brewer and occasional banjo player. A name you won’t forget. 

Text ""Hick"" to 555888.",Colorado,https://t.co/L5Vm30bGSS,,,1
544390925,CO DeptHumanServices,CO_CDHS,Tue Apr 03 16:08:17 +0000 2012,2542,2141,817,4591,65,,"We are the people who help people. 
#Colorado #adults #children #families #veterans #youth #legislation #behavioralhealth #childwelfare #resources","Denver, CO",http://t.co/JjdlQLZOM4,,,0
1388363618,Joe Garcia,CCCSJoeGarcia,Mon Apr 29 01:32:08 +0000 2013,2214,336,988,1043,55,,"Chancellor, Colorado Community College System (@GoCCCS) and Former Lieutenant Governor of the State of Colorado","Colorado, USA",https://t.co/zuXVY8JWNb,,,0
101287698,Roxane White,RoxPWhite,Sat Jan 02 18:53:26 +0000 2010,2722,1554,1394,3787,75,,"Founder & CEO of https://t.co/IcNNGNEs3K. Mom, outdoorsperson, she/her. COS Gov Hickenlooper, CEO of Nurse-Family Partnership","Denver, Colorado",,,,0
124193101,Gino Greco,GVGreco,Thu Mar 18 15:24:25 +0000 2010,186,35,10,354,12,,American Red Cross CEO in Colorado.  Proud dad.  Coloradan through and through.  Any opinions are my own.,"Denver, CO",http://t.co/TY8lrdc1YJ,,,0
1613935920,Monica O. Beauprez,Monica_W_Owens,Tue Jul 23 00:21:00 +0000 2013,726,511,527,309,22,,"Partner at WestBrooke Group, former CO Women for Romney Director & former Scheduler for Vice President Cheney","Denver, CO",http://t.co/Dy547GvUiW,,,0
69196933,Maximillian Potter,maxapotter,Thu Aug 27 04:10:26 +0000 2009,4425,2074,4904,26732,150,,"✌️NYT Best Wine Book, Shadows in the Vineyard https://t.co/IsreOolWYW @Hickenlooper's tale https://t.co/qkQ8piJsj2 bylined @esquire @vanityfair @theatlantic",United States,https://t.co/uaIf796r8g,,,1
161969197,Michael B. Hancock,MayorHancock,Fri Jul 02 07:27:04 +0000 2010,56731,3557,5996,8609,716,,"Father, husband and Denver native since 10 months old. @Broncos fan all day and 45th Mayor of the @CityofDenver.

IG: @mayorhancock","Denver, Colorado",https://t.co/OewDzro0Ug,,,1
1389815868,CO Moms Know Best,COMomsKnowBest,Mon Apr 29 16:07:54 +0000 2013,865,1129,125,1276,21,,Colorado Moms Know Best ~ Protecting the outdoors for our kids. Because we said so! Join us!,Colorado,http://t.co/NDbCZl0fG0,,,0
151106990,Brookings,BrookingsInst,Wed Jun 02 16:28:27 +0000 2010,366645,4412,1720,88526,7452,,Independent research and analysis on the most important policy issues in the world. Sign up for the daily Brookings Brief: https://t.co/NqJPZcqXY4,"Washington, DC",http://t.co/QDIPCvVyxm,,,1
393615360,NGA,NatlGovsAssoc,Tue Oct 18 20:16:43 +0000 2011,16449,2688,4419,7626,401,,The National Governors Association (NGA) is the collective voice of the nation's governors. News is presented for information and does not imply endorsement.,"Washington, D.C.",https://t.co/iEYiT9sUSG,,,1
39525554,Governor Robert Bentley,GovRBentley,Tue May 12 15:44:35 +0000 2009,37952,546,560,7091,804,,Physician in Full Time practice.  Former Governor of the State of Alabama (53rd).  Led Alabama to Full Employment. Always my honor to serve our #GreatState.,"Alabama, USA",https://t.co/9aKb23a1ph,,,0
17179368,Richard Florida,Richard_Florida,Wed Nov 05 03:06:20 +0000 2008,195327,2116,3458,87433,6310,,"University Professor @UofT, @rotmanschool, @UofTCities, Distinguished Fellow @NYUSchack, Co-founder & Editor at Large @CityLab",Global,http://t.co/neZWqre4VF,,,1
331244103,CDPHE,CDPHE,Thu Jul 07 21:35:53 +0000 2011,8558,1618,2463,4917,287,,The Colorado Department of Public Health and Environment is dedicated to protecting and improving the health and environment of the people of Colorado.,Colorado,http://t.co/DwemEhniLv,,,1
235322186,Blackstone,blackstone,Fri Jan 07 22:20:14 +0000 2011,83735,188,0,3042,1138,,Blackstone is one of the world’s leading investment firms.,"New York, NY",http://t.co/6yZ8YyM995,,,1
44436142,Komen Colorado,KomenColorado,Wed Jun 03 19:36:40 +0000 2009,4116,1494,1304,5265,223,,"#ColoSnowshoefortheCure 3/2/19 @frisconordiccenter to fund #BreastCancer screening, diagnostics & treatment in CO & global research. Stomp out breast cancer.","Denver, CO",https://t.co/mqOT1KkmVb,,,0
588551150,Colorado Eco Devo,ColoradoEcoDevo,Wed May 23 20:18:00 +0000 2012,5158,1425,3146,5078,190,,"An office under @GovofCO, we work to create a positive business climate to support #econdev and job growth in the beautiful state of Colorado. #choosecolorado","Colorado, USA",https://t.co/Hq4Q3DvM2g,,,0
53192639,Colorado Senate Dems,COSenDem,Thu Jul 02 21:24:16 +0000 2009,20502,6444,3328,19948,497,,The official Twitter account of the Colorado State Senate Democratic Caucus. Tweets by staff.,Colorado,https://t.co/UfKFDoCprz,,,1
24219192,Children's Colorado,ChildrensColo,Fri Mar 13 18:14:34 +0000 2009,22990,1038,1590,7590,619,,"Named one of the top hospitals in the nation for kids, Children's Hospital Colorado sees, treats and heals more kids than any other in the Rocky Mountain area.","Denver-metro area, Colorado",http://t.co/pV0khvutTi,,,1
32787218,Kristen O'Neill,SuperBowlQB,Sat Apr 18 04:35:23 +0000 2009,134,270,350,255,4,,"Professional writer. Amateur quarterback. 
Proponent of the West Coast Offense.",,,,,0
232268199,Andrew Cuomo,NYGovCuomo,Thu Dec 30 17:54:04 +0000 2010,853733,600,2627,25760,5030,,"Father, fisherman, motorcycle enthusiast, 56th Governor of New York",New York,https://t.co/Oazy5ayWLE,,,1
23274387,Denver Biz Journal,denbizjournal,Sun Mar 08 04:08:52 +0000 2009,101308,1067,5234,104272,1858,,Denver's online source for local business news.,"Denver, Colorado",http://t.co/ktE4AfcObr,,,1
59256282,Denver Int'l Airport,DENAirport,Wed Jul 22 21:32:57 +0000 2009,59752,852,6542,21029,861,,Welcome to the official Twitter site of Denver International Airport ✈️. (303) 342-2000 https://t.co/as43GjjmNw,"Denver, CO",,,,0
593904677,OIT Colorado,OITColorado,Tue May 29 17:53:31 +0000 2012,1710,1464,550,1925,111,,Colorado #GovTech. Serving people serving the #StateofCO. RT/follow ≠ endorsement.,"Denver, Colorado",https://t.co/HmkKiAWjaY,,,0
95742368,Linda Newell,SenNewell,Wed Dec 09 22:00:22 +0000 2009,4298,2123,7100,13068,241,,Colorado State Senator 2009-2016 Filmmaker-Speaker-Writer-Facilitator Trailer & DVDs: https://t.co/Kujy86nc7N,Colorado,https://t.co/AjLtvwAhlT,,,0
21323268,NYSE - We Are Living Tech,NYSE,Thu Feb 19 18:15:11 +0000 2009,1591833,5736,20550,34608,4977,,"You bring it to life, we bring it to market #LivingTech","New York, NY",,,,1
114885308,Colorado Department of Labor & Employment,ColoradoLabor,Tue Feb 16 22:51:48 +0000 2010,2841,811,271,3925,139,,"Providing services for Unemployment Insurance, Workers’ Comp, Employment & Training, Labor, and Oil & Public Safety to citizens and employers of Colorado.",Colorado,http://t.co/l2sGctmwNy,,,1
2150108797,Kevin Patterson,knp5280,Wed Oct 23 02:44:59 +0000 2013,527,407,202,596,13,,"Hard working husband and father. Texan by birth, Coloradan by choice, best of all worlds. CEO, Connect for Health Colorado, views are my own","Denver, Colorado",https://t.co/VzSilhhxOQ,,,0
290712556,Britt Moreno,BrittMorenoTV,Sat Apr 30 19:32:50 +0000 2011,8147,1676,15225,17046,218,,"#Denver news anchor #CBS4 4:30-7am! Emmy Anchor nominee & Emmy reporter, CO Broadcast Award winner. From #Austin, #Texas. Loves #dogs #kids, #countrymusic","Denver, Colorado",https://t.co/GM83nr8EYX,,,1
198374745,ColoradoUnited,CoUnited,Mon Oct 04 03:29:41 +0000 2010,1443,1520,52,693,31,,Colorado United: The Official State of Colorado Twitter Page for Recovery Information and Resources. Check back often for the latest news and updates.,,http://t.co/hMa25ZUZ0D,,,0
19093936,5280 Magazine,5280Magazine,Sat Jan 17 00:16:47 +0000 2009,246654,1001,3237,24116,1758,,"The award-winning guide to culture, dining, politics, and living well in the Mile High City. Tweets (mostly) by @vgcarodine. #Denver #Colorado","Denver, Colorado",https://t.co/OcrODBOvHL,,,0
18454808,Western Govs Assoc.,westgov,Mon Dec 29 17:58:33 +0000 2008,4260,1043,1622,33012,310,,"A nonpartisan organization, representing the governors of 19 Western states and 3 Pacific Territories, sharing news about the West and its Governors.",Denver,http://t.co/fpf41l4ZD6,,,0
1886724180,James Eklund,EklundCO,Fri Sep 20 14:41:00 +0000 2013,1256,561,3016,2691,53,,Solving Water in the West (drop mic here),Colorado,https://t.co/j0xKjTsQZw,,,0
69632853,Open Forum,openforumwef,Fri Aug 28 16:43:40 +0000 2009,2988,358,38,1252,83,,"Official Open Forum account, bringing the @wef #live to the general public in cities around the world. Join the debate #OpenForum",Davos,https://t.co/bV4ufT26Lv,,,0
2788396766,Energy Tech Hub,EnergyTechMash,Wed Sep 03 18:22:55 +0000 2014,255,476,94,224,10,,A Hub of Innovation & Action in Energy Tech,"Denver, CO",https://t.co/ZWE0sCs8l1,,,0
632124727,Hikmet Ersek,WesternUnionCEO,Tue Jul 10 16:35:02 +0000 2012,14125,261,1414,2289,331,,"CEO of The Western Union Company, LLC (Official)","Denver, CO",http://t.co/WhRejakoEe,,,1
19845033,NASCIO,NASCIO,Sun Feb 01 03:31:04 +0000 2009,6394,612,5591,18545,477,,Official Twitter page of the National Association of State Chief Information Officers (NASCIO),"Lexington, KY",http://t.co/dZZ1Ui23xR,,,0
20552026,Rep. Ed Perlmutter,RepPerlmutter,Tue Feb 10 22:17:52 +0000 2009,32914,4499,1553,5370,1362,,"Member of Congress, proudly representing the 7th District of Colorado https://t.co/wLRJaGd9rX",Colorado,http://t.co/NZmeXSnqTP,,,1
87712431,Brookings Governance,BrookingsGov,Thu Nov 05 15:30:42 +0000 2009,19536,1667,800,32894,758,,"Smart domestic policy research. Experts in: governance, tech, education, national security, U.S. politics, elections, and institutional reform @BrookingsInst","Washington, DC",https://t.co/kLZxneysDD,,,1
1337424146,Elaine Kamarck,EKamarck,Mon Apr 08 19:29:11 +0000 2013,4253,302,167,2682,137,,Senior Fellow @BrookingsGov & Founding Dir. Center for Effective Public Management. Senior Editor at #FixGov blog. RTs≠Endorsements,"Washington, DC",http://t.co/BqxJF6KBRB,,,0
1968918331,Bill Galston,BillGalston,Fri Oct 18 13:33:21 +0000 2013,5356,631,85,4827,189,,"Senior Fellow @BrookingsGov, @WSJ columnist, @NoLabelsOrg","Washington, DC",http://t.co/sVPkdg50Xt,,,0
68458378,Christine Jacobs,CJacobs313,Mon Aug 24 17:21:42 +0000 2009,1479,2082,22,26867,71,,Deputy Director of External Affairs & Communications at @Kresgefdn. Former Communications Director for @BrookingsGov at @BrookingsInst. Views = my own.,"Detroit, MI",https://t.co/5gar5cm03d,,,0
612628599,Elizabeth Daigneau,edaigneau,Tue Jun 19 13:22:17 +0000 2012,162,79,36,96,23,,I’m a journalist and the managing editor of a magazine that covers state and local governments across the country for @Governing magazine,"Washington, DC",https://t.co/9GKDmBzOpp,,,0
2272193659,Jenny Teague,JennyTeague1,Wed Jan 01 22:59:12 +0000 2014,2183,4568,140163,12155,19,,I design and sell jewelry. This year I want to spread the message of Respect Empathy & Dignity for ALL! #RED,,,,,0
631594179,John Hudak,JohnJHudak,Mon Jul 09 23:43:58 +0000 2012,6670,2686,1883,12126,228,,"Sr. Fellow @BrookingsGov, Dep. Dir. CEPM. Research: Presidential Politics/Elections, Congress, Marijuana Policy, Public Management. Author of Presidential Pork","Washington, DC",https://t.co/e6Fofu7YRr,,,0
364276283,USCC Americas,USCC_Americas,Mon Aug 29 14:14:10 +0000 2011,1208,499,328,1838,41,,"An advocate for US business throughout the hemisphere, the US Chambers Americas team of experts helps companies compete & thrive in the hemispheric marketplace.","Washington, D.C.",http://t.co/xCTjYIsviT,,,0
255199994,Laura,LauraWilsonUK,Sun Feb 20 21:54:19 +0000 2011,172,738,49,274,4,,Leaving things better than I found them,"London, England",,,,0
595515713,Valerie Jarrett,vj44,Thu May 31 14:10:41 +0000 2012,195598,489,345,6475,2163,,This is an archive of an Obama Administration account maintained by the National Archives and Records Administration (NARA).,"Washington, DC",https://t.co/OTH6srPzMw,,,1
242944499,Ginger Gibson,GingerGibson,Tue Jan 25 23:31:43 +0000 2011,16451,2889,4195,34205,877,,Political correspondent @Reuters. Proud grad of @LSU. Fan of the Houston @Astros. Email: ginger.gibson@tr.com How to connect securely: https://t.co/6CEG5oikWo,"Washington, D.C.",https://t.co/bjosLcOhlB,,,1
44703241,CU Pharmacy,CUPharmacy,Thu Jun 04 19:55:00 +0000 2009,1372,621,1299,2175,44,,Official Twitter of the University of Colorado Skaggs School of Pharmacy and Pharmaceutical Sciences located on the @CUAnschutz campus. #CUPharmacy #CUAnschutz,"Aurora, CO",https://t.co/ZuqI3xzhgt,,,0
2802321992,Healthier Colorado,HealthierColo,Wed Sep 10 19:29:08 +0000 2014,3073,519,1334,8947,109,,We raise the voices of Coloradans in the public policy process to work toward giving every Coloradan a fair shot at living a healthy life. #GetCOhealthier,"Colorado, USA",https://t.co/cSSSnnhrVx,,,0
511441513,Marc-Andre Hawkes,Diplo_MAH,Fri Mar 02 05:52:40 +0000 2012,669,491,112,430,30,,"Canadian diplomat/Head of trade in Sydney, avid  LinkedIn user. Views my own, not employer's / Opinions personnelles, pas de l'employeur; RT≠endorsement≠soutien","Sydney, New South Wales",,,,0
1356942170,Columbia U Energy,ColumbiaUEnergy,Tue Apr 16 13:54:38 +0000 2013,12647,846,3056,12505,453,,CGEP seeks to enrich the quality of energy dialogue and policy by providing an independent and nonpartisan platform for timely analysis and recommendations.,"New York, New York",https://t.co/EuITvhPmg9,,,1
39522848,CO - Emergency Mgmt,COEmergency,Tue May 12 15:31:21 +0000 2009,52930,1404,6223,19391,1366,,Official information Colorado Division of Homeland Security & Emergency Management. Messaging by StratCom Dir Micki Trost. https://t.co/HaDTM4xQMR,"Colorado, USA",https://t.co/nTxzE9domF,,,1
2973432059,DJ Friednash,DJFriednash,Sun Jan 11 17:48:33 +0000 2015,1097,287,1740,4114,31,,"Shareholder at Brownstein Hyatt Farber Schreck; Opinion Columnist -The Denver Post. Former: Chief of Staff to CO Gov. Hickenlooper, Denver City Atty, State Rep.","Denver, CO",https://t.co/sUeqq7AhC6,,,0
822012530,CO Budget Office,COBudgetOffice,Thu Sep 13 18:54:04 +0000 2012,375,29,17,325,13,,The Governor's Office of State Planning and Budgeting provides the Governor with information and recommendations for policy and budget decisions.,"Denver, Colorado",http://t.co/Et2opiXj3n,,,0
2303751216,FiveThirtyEight,FiveThirtyEight,Tue Jan 21 21:39:32 +0000 2014,1048145,285,1195,70378,15577,,Data-driven news and analysis from Nate Silver's FiveThirtyEight,"New York, NY",https://t.co/BDdsHpm7og,,,1
111952448,Michal Rose,Michal_Rose,Sat Feb 06 18:36:31 +0000 2010,1183,1153,10171,8394,43,,"advocate, activist, feminist, nerd. Executive Director of @EmergeColorado","Denver, CO",,,,0
84126669,CO Parks & Wildlife,COParksWildlife,Wed Oct 21 18:08:12 +0000 2009,19552,734,5944,5588,517,,The official account of Colorado Parks and Wildlife (CPW). #livelifeoutsideCO,Colorado,http://t.co/wZSoVTid5Z,,,1
79783264,Brain Pickings,brainpickings,Sun Oct 04 17:35:19 +0000 2009,201558,1,6,51047,4488,,"This is the Brain Pickings bot – daily blog posts, automated. For the real thing, follow @brainpicker.",www,http://t.co/B1TUQ0W6B1,,,0
312907926,DORA Colorado,DORAColorado,Tue Jun 07 21:14:47 +0000 2011,1663,465,468,2150,106,,"As the #StateofCO's regulatory department, we promote a fair and competitive business environment. Consumer protection is our mission. RTs are not endorsements.","Denver, CO",,,,0
374054950,Colorado HCPF,CHCPF,Thu Sep 15 16:42:24 +0000 2011,1883,717,198,1522,60,,"The Dept. of Health Care Policy & Financing oversees Health First Colorado (CO's Medicaid Program), Child Health Plan Plus, & more. https://t.co/tYHNtbWbsU","Denver, Colorado",http://t.co/R2LlTU53xg,,,0
41440047,Fiona Arnold,FiLizbeth,Wed May 20 20:19:36 +0000 2009,887,457,576,2071,35,,,"Denver, CO",https://t.co/7mN1uZ7eWp,,,0
18734310,Denver Broncos,Broncos,Wed Jan 07 19:33:22 +0000 2009,2638941,5998,13433,55006,8776,,"Twitter home of the three-time Super Bowl champions: XXXII, XXXIII and #SB50","Denver, CO",https://t.co/kMJsYCJRIE,,,1
28785486,ABC News,ABC,Sat Apr 04 12:40:32 +0000 2009,14369277,537,39,256842,56424,,"All the news and information you need to see, curated by the @ABC News team. https://t.co/PKeobr4xt0 Tips: https://t.co/2ICEX6CuXd",New York City / Worldwide,https://t.co/7mnR2AtpOn,,,1
200296265,Erik Mitisek,ErikMitisek,Fri Oct 08 23:12:01 +0000 2010,4808,845,1145,1223,167,,Colorado Entrepreneur and Innovation Community Leader | Founded @DENStartupWeek @CommonsOnChampa | Building Imagine Analytics,"Denver, CO",https://t.co/9qUZzUNFf0,,,0
366852919,Mayor of Colorado Springs,MayorofCOS,Fri Sep 02 23:17:31 +0000 2011,8065,79,344,7152,211,,This is an official City social media account for Mayor John Suthers. It is not for purposes of campaigning for re-election. RT/follows not endorsements.,Colorado Springs,https://t.co/SEu5lsr7N0,,,0
1694824808,Conor Hall,conorthehall,Fri Aug 23 21:17:39 +0000 2013,93,43,33,13,1,,,,,,,0
728344273620344832,Jared Polis,GovofCO,Thu May 05 22:03:01 +0000 2016,25852,1221,715,1401,394,,The official twitter account for Colorado Gov. Jared Polis.,"Colorado, USA",https://t.co/pCtMUCsHgU,,,1
1071971822,COFirePrev&Control,COStateFire,Tue Jan 08 20:54:15 +0000 2013,6031,836,710,4391,224,,Official account of The Colorado Division of Fire Prevention and Control. Messaging by DFPC PIO Caley Fisher,"Colorado, USA",https://t.co/ALyl7uvzDY,,,1
135198678,Boulder OEM,BoulderOEM,Tue Apr 20 16:22:17 +0000 2010,37557,75,13,1631,483,,"The Boulder Office of Emergency Management helps prepare for, respond to and recover from disasters and large-scale emergencies.","Boulder, CO",https://t.co/WopkLafZzc,,,0
20814744,Walt DeHaven,waltdh,Fri Feb 13 22:47:31 +0000 2009,2155,1987,811,1496,40,,"VP/General Manager CBS Denver, Colorado.. News, music and interesting stories .",Denver,http://t.co/wEe0dn1co0,,,0
35027698,Erin McPike,ErinMcPike,Fri Apr 24 20:21:13 +0000 2009,26472,2761,4345,12143,948,,Pro candy corn. Anti car freshener trees.,"Washington, D.C.",,,,1
575612397,Sierra Nevada Corporation,SierraNevCorp,Wed May 09 17:23:30 +0000 2012,33398,445,735,1682,455,,Official Sierra Nevada Corporation twitter. SNC delivers customer-focused technologies and best-of-breed systems integrations in aerospace and national security,"Sparks, NV",https://t.co/cOF7lgfpm6,,,1
701725963,NowThis,nowthisnews,Tue Jul 17 20:31:08 +0000 2012,2353358,12234,12623,125718,9300,,Stories that move. Send us your tips: contact@nowthismedia.com,The Internet & NYC,http://t.co/1NLX7sJ52o,,,1
9532402,Ben Smith,BuzzFeedBen,Fri Oct 19 00:25:20 +0000 2007,301545,5271,24713,123353,8066,,BuzzFeed Editor-in-Chief. Beats working for a living. Email or gchat ben@buzzfeed.com.,"Brooklyn, NY",https://t.co/RFH4QzEkRi,,,1
44513878,Texas Tribune,TexasTribune,Thu Jun 04 01:37:46 +0000 2009,196701,59731,3094,75876,4904,,"A member-supported, nonpartisan newsroom informing & engaging Texans on state politics & policy. Tweets by @bobbycblanchard. Subscribe: https://t.co/7vzWxFKD0J","Austin, Texas",http://t.co/THOyB5XQbo,,,1
570290656,Late Night with Seth Meyers,LateNightSeth,Thu May 03 21:08:00 +0000 2012,441063,1826,2698,13866,2031,,"Official Twitter handle for Late Night with @SethMeyers, weeknights at 12:35/11:35c on @NBC. Listen to our podcast: https://t.co/AHUUIoUEU1",Studio 8G - Rockefeller Center,https://t.co/af2p12CsRa,,,1
824042911683575808,Chrystie Hopkins,HoppyColo,Tue Jan 24 23:55:14 +0000 2017,8,75,50,25,0,,"Mother, book editor, skier, activist, environmentalist, music lover, Colorado proud",,,,,0
17149437,At Least I Have Chicken,billyf65,Tue Nov 04 05:17:55 +0000 2008,373,926,16421,24153,23,,"Those who believe in telekinetics, raise my hand.",,,,,0
3233776225,Raleigh Decker,ReallyRaleigh,Tue Jun 02 16:34:52 +0000 2015,26,72,271,46,0,,,,,,,0
116242758,Keith Allen,CNNKeith,Sun Feb 21 18:34:09 +0000 2010,751,1183,1910,8972,16,,"Father, Husband, #CNN Senior Political Desk Editor, @OhioState alum, proud @ATLUTD & @LFC supporter. Hails from Albany, NY. somehow, All opinions are my own.","Atlanta, GA",https://t.co/Cpw0mZ7RqD,,,0
36890646,Dan Merica,merica,Fri May 01 05:21:55 +0000 2009,75111,2501,826,32814,1963,,Political Reporter for @CNN. Covering the 2020 elections. @BentleyU & @AmericanU grad. Nats fan. dan.merica@cnn.com,"Washington, D.C.",https://t.co/MJqdxt0suW,,,1
17134268,CBS This Morning,CBSThisMorning,Mon Nov 03 17:05:29 +0000 2008,371850,2749,10033,125238,4375,,News that matters. Original reporting. Every morning. #CTM,United States,https://t.co/6D6oTC6fgL,,,1
10424292,Matt Wilhelm,WilhelmForNH,Tue Nov 20 21:31:50 +0000 2007,1949,863,15486,11288,61,,"husband + papa (x2), NH State Representative, serial social entrepreneur, service year alumnus, retired rock’n roll roadie, just doing my best... #nhpolitics","Manchester, NH",https://t.co/krM2sNmDp1,,,0
1108215706632548352,Rep. Denny Ruprecht,RepDenny,Wed Mar 20 03:56:28 +0000 2019,176,586,311,96,0,,"Granite Stater, North Country native, proudly serving the people of Grafton District 15 in the NH House of Representatives. #nhpolitics","New Hampshire, USA",,,,0
3102272503,Ryan Sempf,RyanSempf,Sat Mar 21 23:14:23 +0000 2015,213,555,577,351,1,,Gov’t affairs and political professional | Working to #ENDALZ | Alum @NHHouseDems & @ICAreaChamber | GO HAWKS 🖤💛 & @chiefs ❤️💛 | All opinions are my own,,,,,0
2467791,The Washington Post,washingtonpost,Tue Mar 27 11:19:39 +0000 2007,13820757,1531,4580,320268,90074,,"Breaking news, analysis, and opinion. Founded in 1877. Our staff on Twitter: https://t.co/VV0UBAMHg8","Washington, DC",http://t.co/Hq7hTYkOPg,,,1
759251,CNN,CNN,Fri Feb 09 00:35:02 +0000 2007,42172575,1108,1437,248974,138555,,It’s our job to #GoThere & tell the most difficult stories. Join us! For more breaking news updates follow @CNNBRK  & Download our app ?https://t.co/UCHG9M367J,,http://t.co/IaghNW8Xm2,,,1
230450027,Gabriel Debenedetti,gdebenedetti,Sat Dec 25 14:21:35 +0000 2010,52445,148,2,2432,1726,,"National Correspondent, @nymag.
gabriel.debenedetti@nymag.com",NY | DC | a plane,,,,1
550594385,Lisa Wirthman,LisaWirthman,Wed Apr 11 01:29:26 +0000 2012,1800,1786,633,3859,88,,"Journalist covering women, politics, business. Words in @5280Magazine, @DenverPost, @DenBizJournal, @Slate, @Forbes. Tweets are my own","Denver, CO",https://t.co/IYk2dLeXHK,,,0
42389136,Reverend Al Sharpton,TheRevAl,Mon May 25 11:20:04 +0000 2009,569518,239,1099,27207,5435,,"Baptist Minister & Political, Civil Rights, and Social Justice Activist","New York, NY",https://t.co/oygOdFS074,,,1
21322255,John McCormick,McCormickJohn,Thu Feb 19 18:05:08 +0000 2009,6502,2418,945,9443,418,,"@WSJ national political reporter. Former Bloomberg, Chicago Tribune and Des Moines Register. Eagle Scout. MN native.",Chicago/Washington/Elsewhere,http://t.co/hvdGddT9UQ,,,1
29109759,Brandon Gomez,bgomezreports,Mon Apr 06 01:02:06 +0000 2009,482,1114,2365,3866,5,,"Multimedia Reporter @CNBC  MA @NYU, BA @holy_cross @NAHJ | @NLGJA member IG: https://t.co/Aa0t74fCHD","New York, NY",https://t.co/xzOcXkKRvs,,,0
500205167,Eliza Relman,eliza_relman,Wed Feb 22 22:20:33 +0000 2012,2511,1916,4504,2342,58,,Politics reporter @BusinessInsider. erelman@businessinsider.com elizarelman@protonmail.com,"New York, NY",https://t.co/f7CQLf5wOX,,,1
16187815,Errin Haines Whack 🍑,emarvelous,Mon Sep 08 17:36:54 +0000 2008,14303,4575,18633,33754,550,,"@AP National Writer, Race & Ethnicity. Covering 2020. Mrs. @lwhack. Atlanta Jawn. She/her.",AtlantaWashAdelphia,https://t.co/DgvsyjD735,,,1
298109087,Johnny Verhovek,JTHVerhovek,Fri May 13 18:15:33 +0000 2011,3555,5875,1736,15896,148,,"Political Reporter for @ABC covering 2020 | @Georgetown grad | Of the PNW, Seahawks, Mariners enthusiast | john.h.verhovek@abc.com","Washington, D.C.",https://t.co/pcAOFmMRSY,,,1
1917731,The Hill,thehill,Thu Mar 22 18:15:18 +0000 2007,3297371,252,25,587036,26069,,"The Hill is the premier source for policy and political news. Follow for tweets on what's happening in Washington, breaking news and retweets of our reporters.","Washington, DC",http://t.co/t414UtTRv4,,,1
33911073,Ernest Lee Luning,eluning,Tue Apr 21 13:59:25 +0000 2009,3609,2907,215,9721,158,,Reporter covering politics in Colorado,Colorado,https://t.co/yyv7Po59pc,,,0
437743914,Anthony Cotton,AnthonyCottondp,Thu Dec 15 19:45:06 +0000 2011,1150,226,69,778,54,,Producer @coloradomatters E: acotton@cprmail.org P: 303-871-9191. Once an ink-stained wretch...opinions are mine and mine alone...,"Centennial, CO",https://t.co/6TKfhaU8zf,,,1
890381594170712064,Annie Grayer,AnnieGrayerCNN,Thu Jul 27 01:21:29 +0000 2017,1746,2528,704,1168,59,,On the trail for @CNN covering the 2020 presidential election. Embed for the @BernieSanders campaign. Grad of @MiddleburyCollege. RTs≠endorsements,,,,,1
112622991,Ryan Martz,RyanMartzSC,Tue Feb 09 04:39:09 +0000 2010,142,516,224,794,2,,Owner of @BGIE and @fireandpine Former Candidate for South Carolina House of Representatives 120. 3rd Vice Chair Beaufort County Democratic Party,"Bluffton, SC",https://t.co/fm6lSbR8jm,,,0
75939860,Eli Stokols,EliStokols,Mon Sep 21 02:38:16 +0000 2009,70028,3188,14647,35246,1908,,"White House reporter, @latimes. @MSNBC political analyst. Alum of @wsj @politico @kdvr","Washington, DC",,,,1
330299327,Andrew Wallender,WallenderAndrew,Wed Jul 06 12:20:15 +0000 2011,586,496,1058,617,15,,Labor Reporter @BLaw covering unions • Tips? ✉️ awallender@bloomberglaw.com • RTs ≠ endorsements,"Washington, D.C.",https://t.co/ULAD8dm46e,,,0
1713627830,Insulators Union,InsulatorsUnion,Fri Aug 30 20:08:36 +0000 2013,1131,125,580,2657,29,,The International Association of Heat and Frost Insulators and Allied Workers assists our members in securing employment while advancing their interests.,,,,,0
803029068,Emma Kinery,EmmaKinery,Tue Sep 04 19:18:30 +0000 2012,3939,1008,13652,8491,100,,National politics reporter covering the 2020 Dems for Bloomberg @business • used to cover $$ • ekinery@bloomberg.net #GoBlue,"Washington, DC",https://t.co/jfGBTEbBVm,,,1
13524182,Dave Weigel,daveweigel,Fri Feb 15 17:58:23 +0000 2008,468662,11207,15421,195963,11383,,"Covering politics for @washingtonpost. daveweigel@gmail.com, 202-334-7387. @CWAUnion member. Buy my book: https://t.co/qbUTkz3CBR (Avatar by @damnyouregis)","Washington, D.C.",https://t.co/fH66dGGX87,,,1
726571569909112832,UIowa Dems,uiowadems,Sun May 01 00:38:56 +0000 2016,383,164,71,284,11,,The official Twitter of the University of Iowa Democrats.,"Iowa City, IA",https://t.co/AX179iikjH,,,0
34666433,Progressive Policy Institute,ppi,Thu Apr 23 17:05:54 +0000 2009,3636,2034,853,5725,214,,"Radically Pragmatic. We seek to advance progressive, market-friendly ideas that promote American innovation, economic growth, and wider opportunity.","Washington, DC",https://t.co/hzLz35NuJc,,,0
2940964728,Iowa Starting Line,IAStartingLine,Tue Dec 23 16:50:35 +0000 2014,19776,1991,5254,34273,504,,Your home for Iowa Caucus and Iowa politics news and analysis. Founded in 2015 by former IA Dem staffer @patrynard.,,https://t.co/DpEAYnDMWv,,,0
751357616,Zachary Oren Smith,ZacharyOS,Sat Aug 11 14:33:38 +0000 2012,827,809,2506,4060,39,,"Writes about government, development and non-on-the-cob corn uses for @presscitizen. ● Tracking 2020 with @DMRegister ● Retweets are not always condemnations.","Iowa City, IA",https://t.co/JpWAam2XW0,,,1
16347171,Nick Weig,tbweig,Thu Sep 18 14:22:28 +0000 2008,831,711,1050,8896,45,,"Father, Husband, @cbs2iowa &  @fox28iowa Political Reporter 📺, Storm Chaser🌪, Hawkeyes🏈🏀 & Cubs⚾ fan. RT not endorsements. Opinions are my own.","Marion, IA",https://t.co/dCkWnImx9G,,,1
1375289149,New Day,NewDay,Tue Apr 23 19:11:41 +0000 2013,322386,1265,6967,58246,1950,,Join Alisyn Camerota & @JohnBerman on CNN weekdays 6-9a ET for all the latest news. @VictorBlackwell & @Christi_Paul host weekends.,,https://t.co/5lCXrXkeS9,,,1
158806099,John Diaz,JohnDiazChron,Wed Jun 23 18:09:26 +0000 2010,5676,419,2542,3088,210,,I'm editorial page editor for the San Francisco Chronicle.,San Francisco,,,,1
187977521,Lauren Hitt,LaurenHitt,Tue Sep 07 16:45:30 +0000 2010,3717,478,681,10403,102,,"Communications Director for @Hickenlooper...Previously at @CynthiaNixon, @Ironstache, @PhillyMayor, @NYCMayor, @BarackObama",,,,,0
15554922,CAP Action 🏳️‍🌈,CAPAction,Wed Jul 23 03:36:34 +0000 2008,63038,6163,685,49014,2290,,Hard-hitting news + analysis paired with action on the issues that matter most. Working alongside @AmProg & @ThinkProgress.,,http://t.co/PoAJevCiwb,,,1
2030711,Matt Stoller,matthewstoller,Fri Mar 23 17:05:29 +0000 2007,62673,2260,2421,70085,1664,,Interested in political liberty and regulated competition. Fellow at the Open Markets Institute,,https://t.co/twkU6G5RCX,,,1
499915348,Emily Ludolph,Emludolph,Wed Feb 22 16:23:55 +0000 2012,509,981,3097,1064,10,,"Freelance writer and host of the live show and podcast @DedicateItLive. Senior Editor, Special Projects @99U Formerly @TEDTalks and @playingonair",,https://t.co/nEosWNIkYE,,,0
301146241,Chris Ford,CT_Ford,Wed May 18 23:42:49 +0000 2011,543,1353,56904,34754,8,,Currently comms w/ @amprog. @WakeForest & @HillaryforOH alumnus.  Will one day have a backyard w/ a tennis court. Probably listening to @TennisInc.,"Washington, DC",https://t.co/Wsmbe3yPjL,,,0
21005767,Josh Eidelson,josheidelson,Mon Feb 16 17:34:47 +0000 2009,21914,4184,9434,35179,803,,"Labor reporter for Bloomberg News and Businessweek, covering the present of work. jeidelson at bloomberg dot net. [Usual disclaimers]","California, USA",https://t.co/wrdnewZOqT,,,1
862430010,Fight For 15,fightfor15,Fri Oct 05 03:14:04 +0000 2012,52477,4232,56989,78586,786,,"International movement of underpaid workers taking a stand against poverty wages. We are winning, join us. #FightFor15",On Strike,https://t.co/PuA1voxOy1,,,1
14695985,SEIU,SEIU,Thu May 08 04:08:06 +0000 2008,87330,11884,5181,45502,2210,,"Official account of the Service Employees International Union, a leading voice for labor & change for working people. Union #1u Join us: https://t.co/fibKyNAilp","U.S., Canada, Puerto Rico",https://t.co/cqohIfQC5Y,,,1
324169263,Megan Messerly,meganmesserly,Sun Jun 26 03:51:38 +0000 2011,8564,1126,5985,15361,292,,"@thenvindy reporter covering 2020, health care + #nvleg | @ucberkeley alum + oc native | megan@thenvindy.com | dm for pgp + signal",on a 🚂,https://t.co/gIZ9PJK97O,,,1
47991586,Garrett Haake,GarrettHaake,Wed Jun 17 15:14:33 +0000 2009,54734,2672,22919,28877,1245,,Correspondent @msnbc • Taller than I look on TV • Long-suffering @SMU & @DallasCowboys fan • Dog dad to Shiner,Washington DC,https://t.co/5TAF6ijWwt,,,1
17637692,Steve Sebelius,SteveSebelius,Wed Nov 26 00:55:55 +0000 2008,17532,1413,5,48166,659,,"Politics & government editor for @reviewjournal, political analyst for Las Vegas’s CBS affiliate @8NewsNow and co-host of weekly show “PoliticsNOW.”","Las Vegas, Nevada, USA",https://t.co/k2ATBsMl9W,,,1
810590628727914496,Indivisible Guide,IndivisibleTeam,Sun Dec 18 21:00:40 +0000 2016,271725,2038,13077,37475,2949,,Former congressional staffers reveal best practices for making Congress listen. We're not the leaders of this movement. You are.,"Washington, DC",https://t.co/jdcxDFI7zk,,,1
246939630,Shannon Watts,shannonrwatts,Thu Feb 03 19:32:59 +0000 2011,343534,9503,176277,106338,2760,,"Founder of @MomsDemand, grassroots army of @Everytown. The @NRA’s worst nightmare. Author of “Fight Like A Mother.” IG: https://t.co/nS9vvTKwo3",,https://t.co/tP8yoCG89B,,,1
16373878,Milken Institute,MilkenInstitute,Sat Sep 20 02:49:46 +0000 2008,47874,1887,3376,20134,1501,,"A nonpartisan, nonprofit think tank catalyzing practical solutions to global challenges by connecting resources to those who need them. #MIGlobal","Santa Monica, CA",https://t.co/GdymtYNX5C,,,1
21370989,Zack O’Malley Greenburg,zogblog,Fri Feb 20 03:47:18 +0000 2009,17949,1864,236,8849,379,,"Author; @Forbes senior editor covering music, media & entertainment. 📚: ""3 Kings,"" ""MJ, Inc,"" ""Empire State of Mind."" More below 👇",New York,https://t.co/WvvOzDNw6m,,,1
143200840,Shepard Nevel,ShepardNevel,Wed May 12 21:34:42 +0000 2010,686,675,2496,1058,27,,"CEO, https://t.co/umyph8Rduk","Denver, CO",,,,0
347404913,Stephanie Ramirez,RamirezReports,Tue Aug 02 19:06:09 +0000 2011,5012,5070,3812,14842,191,,@CBSNews 2020 Campaign Reporter/Embed/Multimedia Journalist following @KamalaHarris @Hickenlooper @GovBillWeld  IG: dcreportersr,"Washington, DC",https://t.co/zKNRFMPmkV,,,1
1012836177672622080,TRADECRAFT 🎙 Podcast,tradecraft_pod,Fri Jun 29 23:12:17 +0000 2018,429,255,110,368,7,,"A bi-weekly podcast exploring the craft of intl. trade policy with host Collin Janich and @Georgetown professor Marc Busch | Subscribe on iTunes, SoundCloud","Washington, DC",https://t.co/eFkrfKVc2l,,,0
19046425,Hope King,lisahopeking,Fri Jan 16 00:06:26 +0000 2009,13426,1529,21151,23299,411,,"Anchor @Cheddar 🧀 since 2016 • Formerly Vice President @MerrillLynch; Reporter @BusinessInsider, @CNN • Email: hope@cheddar dotcom • Insta: @lisahopeking",United States,https://t.co/2EkrIFHV5A,,,1
145711196,Emily Favreau,emilyfavreau,Wed May 19 17:40:39 +0000 2010,48539,2156,9675,2044,249,,communications director at @timesupnow and @leo_the_dood's instagram page but views here are my own. friend with marital benefits of the pod.,"Los Angeles, CA",https://t.co/SzIQDurCUz,,,0
3755472929,Sasha Pezenik,SashaPezenik,Thu Sep 24 02:18:13 +0000 2015,644,1609,1423,2140,24,,"@ABC Campaign Producer/Reporter. @ColumbiaJourn alum. Story-chaser, bellyfire-brewer. Views, mine. Facts, all of ours. Retweets ≠ endorsements.","New York, NY",https://t.co/lngjLBUtHa,,,1
1032749553282297856,SFChronicle Opinion,sfc_opinions,Thu Aug 23 22:00:55 +0000 2018,446,332,10,1284,7,,"Opinions and insights from the @sfchronicle Editorial Board, giving a voice to the Bay Area.","San Francisco, CA",https://t.co/qMZRgRVqZF,,,0
14888467,David Gura,davidgura,Sat May 24 05:07:12 +0000 2008,37790,3555,13615,34761,823,,"@MSNBC and @NBCNews, by way of @BloombergTV, @Marketplace and @NPR | @UPonMSNBC on Saturdays and Sundays, from 8:00 to 10:00 a.m. ET | [Usual disclaimer]","Brooklyn, NY",,,,1
82643763,Paul Steinhauser,steinhauserNH1,Thu Oct 15 15:37:13 +0000 2009,15355,1821,216,14454,706,,"#nhpolitics most versatile reporter: @foxnewspolitics 
@ConMonitorNews @seacoastonline @JackHeathRadio @wkxlnh; Former @CNN Political Editor & NH1News Pol. Dir.","Concord, NH",https://t.co/f0SzYmSPZS,,,1
22674946,NHIOP,nhiop,Tue Mar 03 20:37:27 +0000 2009,4275,747,213,2858,131,,The New Hampshire Institute of Politics at @saintanselm is New Hampshire's home for politics!,"Manchester, NH",https://t.co/VUcAAToIB0,,,0
14662569,WMUR TV,WMUR9,Mon May 05 18:01:28 +0000 2008,127943,391,72,309521,1434,,"News, weather and sports updates from WMUR News 9 and http://t.co/OLoBoV59e7.",New Hampshire,http://t.co/L7Ckio68qL,,,1
44431715,NH Young Democrats,NHYoungDems,Wed Jun 03 19:17:39 +0000 2009,5551,2524,4807,12638,151,,"Our mission is to recruit, train, & elect the next generation of progressive leaders in NH. @YoungDems #youthvote #nhpolitics https://t.co/h0WTZZYFTJ",New Hampshire,https://t.co/XZCmgbPYCU,,,0
107120201,MSNBC Public Relations,MSNBCPR,Thu Jan 21 16:18:30 +0000 2010,11931,583,107,6786,318,,"The official Twitter feed of @MSNBC Public Relations. Follow us for the latest news, exclusives & a behind-the-scenes look at MSNBC.",,https://t.co/hmQONSQz0v,,,1
3108351,The Wall Street Journal,WSJ,Sun Apr 01 06:22:13 +0000 2007,16692986,1130,1235,280011,112487,,Breaking news and features from the WSJ.,"New York, NY",https://t.co/GhhR6PLfem,,,1
11856892,Meet the Press,MeetThePress,Fri Jan 04 22:28:20 +0000 2008,589938,404,1494,61239,7009,,"Meet the Press is the longest-running television show in history. If it's Sunday, it's Meet the Press with @ChuckTodd. #MTP #IfItsSunday #MTPDaily","Washington, D.C.",https://t.co/uqtRXPrjFZ,,,1
438561525,Nick Riccardi,NickRiccardi,Fri Dec 16 18:51:27 +0000 2011,10993,799,28212,95488,663,,"AP western political writer. Father, hiker, pizza snob, Mets fan. RTs confirm your darkest suspicions. NRiccardi@ap.org Signal, WhatsApp + voice (720) 470-4319",Denver,http://t.co/VWhdA0yyDF,,,1
1339835893,Hillary Clinton,HillaryClinton,Tue Apr 09 18:04:35 +0000 2013,24728299,797,1118,10987,42131,,"2016 Democratic Nominee, SecState, Senator, hair icon. Mom, Wife, Grandma x2, lawyer, advocate, fan of walks in the woods & standing up for our democracy.","New York, NY",https://t.co/99DVW9q1yt,,,1
1068353754880253952,Focus On Rural America,focusonrural,Fri Nov 30 03:59:18 +0000 2018,1362,982,38,358,11,,Bridging the divide between Rural and Urban America by building support for a progressive economic agenda.,"Iowa, USA",https://t.co/74kpCAOCqJ,,,0
286502620,Jessica Mitchell,JDMmrkting,Sat Apr 23 03:57:10 +0000 2011,222,208,1071,3198,12,,"Outdoor enthusiast, historian, artist & designer #Iowa #nerd #anime #ballet #art #logodesigner #WomenWhoFish #beerfamily","Muscatine, IA",https://t.co/SZpHrMAyXn,,,0
16815644,ABC News Politics,ABCPolitics,Thu Oct 16 22:43:16 +0000 2008,754476,476,72,127215,6358,,Reports from @ABC News' political team.,"Washington, DC",https://t.co/SO3M0qceOH,,,1
168760005,The Chicago Council,ChicagoCouncil,Tue Jul 20 18:58:13 +0000 2010,16842,2025,710,20563,561,,"Convening leading voices, conducting independent research & engaging the public to provide insight & influence the discourse on critical global issues.","Chicago, IL",http://t.co/I5kUBts8Tj,,,1
19546277,Yahoo Finance,YahooFinance,Mon Jan 26 17:44:44 +0000 2009,857623,834,2798,217398,10905,,"The planet’s biggest business news platform: https://t.co/BRValVvylE

Get the free Yahoo Finance app ⬇️","New York, NY",https://t.co/3na8DjYVs3,,,1
1955175216,Bonfils-Stanton Fndn,BonfilsStanton,Fri Oct 11 22:22:00 +0000 2013,758,688,202,649,32,,Cultivating Arts & Leaders for a Vibrant Community.,"Denver, CO",http://t.co/uzahoVxCWR,,,0
9990362,Sam Roecker,SamRoecker,Tue Nov 06 07:13:49 +0000 2007,1951,2522,1068,6141,84,,"Iowa for @Hickenlooper. Previously @IowaDemocrats, @ChristieVilsack, @PattyForIowa & more.",Iowa,,,,0
44288441,Michael Moeller,michaeldmoeller,Wed Jun 03 04:04:14 +0000 2009,1728,1057,20956,14110,45,,Kentuckian. Beer Podcaster. Beer Writer. Public Relations and Social Media Manager for Go Social.,"Kentucky, USA",https://t.co/cD4u8KoGGz,,,0
816748673824604160,Hannah Brown,hannah_brownj,Wed Jan 04 20:50:33 +0000 2017,319,783,18550,3061,1,,"@MENAProgramNU and @MedillSchool ‘20, speaker relations @nuhumanrights; former: @IWIL_Academy, @MedillJustice, @GovPritzker",,,,,0
366348387,James Packard,JamesSPackard,Fri Sep 02 00:59:08 +0000 2011,802,2100,1634,5262,26,,"Host of #NewsyReports @Newsy. Colorado-raised Pilot ✈️, Actor 🎥, Amateur Wine Snob 🍷. Journalist disclaimer: RTs not *always* approving","Chicago, IL",https://t.co/Xghs9p3eWf,,,1
743089026,Kerith,KerithBrand,Tue Aug 07 15:11:46 +0000 2012,155,374,693,745,7,,Public Affairs for @qcchicago. Confetti enthusiast. Tweets are my own.,,,,,0
3082982001,Emily Baker,emilyrivbaker,Tue Mar 10 02:26:13 +0000 2015,189,2233,931,527,2,,"@chicagocouncil PR. views are my own. came for Billy on the Street clips, stayed for Billy on the Street clips.","Chicago, IL",https://t.co/GKzEry0gCE,,,0
1021208979513454597,Democratic Majority for Israel,DemMaj4Israel,Mon Jul 23 01:42:48 +0000 2018,3687,813,94,387,14,,Democratic Majority for Israel fights for progressive values—including a strong U.S.-Israel relationship,,https://t.co/0Lkab7Y04N,,,0
835912968781062144,Ryan Warner,cprwarner,Sun Feb 26 18:02:37 +0000 2017,4656,5346,2554,2797,74,,My job is questions & answers & follow-ups. Sr. Host of @ColoradoMatters @CPRNews. Once banned from The Judy Garland Facebook page. Tips? ryan.warner@cpr.org.,"Colorado, USA",,,,1
853646311941451778,Emmyjo,Road_trippn,Sun Apr 16 16:28:35 +0000 2017,4035,4989,64667,82839,16,,"love my kids my dog & my hubby! #VoteBlueAndEndTheNightmare 
#ImpeachTheMF 
#NotMyPresident
#VoteDemocraticAllTheWay 
 Hate: Trump crime fam. with a passion",United States,,,,0
248441880,Peter Ambler,PeterMAmbler,Mon Feb 07 00:52:52 +0000 2011,3191,1098,3425,5389,42,,"Executive Director of @GiffordsCourage, husband of @BuffyWicks, father of #gogobabyjojo","Oakland, CA",https://t.co/NB3NWz2fIt,,,0
715170505,Chelsea Parsons,ChelseaCParsons,Wed Jul 25 00:24:19 +0000 2012,790,420,2841,1989,27,,VP of gun violence prevention policy at @amprog @CAPactionguns. Views my own.,"Washington, DC",https://t.co/Ev8NaVh2UF,,,0
250386727,Everytown,Everytown,Fri Feb 11 00:24:16 +0000 2011,225308,8447,44138,19391,1898,,Everytown for Gun Safety is a movement of Americans working together to end gun violence and build safer communities.,,https://t.co/ytCphRec4I,,,1
1017637447,Moms Demand Action,MomsDemand,Mon Dec 17 14:52:28 +0000 2012,241661,10516,28034,35186,1820,,Join our grassroots movement of Americans demanding reasonable solutions to address our nation’s culture of gun violence. @MomsDemand is a part of @Everytown.,USA,https://t.co/U0ZLk1Xh2Z,,,1
361342191,OutFrontCNN,OutFrontCNN,Wed Aug 24 16:55:20 +0000 2011,292825,726,167,43926,1809,,"Smart and entertaining, @ErinBurnett is always OutFront of the news. Erin Burnett OutFront airs weeknights at 7pm ET on @CNN and on @CNNi Saturdays & Sundays.","New York, NY ",https://t.co/ohYB7WijK3,,,1
476213099,CPR News,CPRNews,Fri Jan 27 22:02:42 +0000 2012,16983,1797,1321,41513,502,,Breaking and in-depth news from Colorado Public Radio. Home of @onsomethingpod. Sign up for our morning newsletter: https://t.co/8CVt7HMgBJ,Colorado,https://t.co/8SvIBIYdoQ,,,1
3236915284,Michael Cerulli,michaeltcerulli,Tue May 05 20:43:41 +0000 2015,299,615,7111,1155,0,,"Student. UConn ‘23. Working on: serving others, youth voter engagement, and my golf game. Occasional pilot, guitarist, and writer.","Trumbull, CT",,,,0
202625355,Community Health Center,CHCConnecticut,Thu Oct 14 13:27:06 +0000 2010,2579,1002,701,7093,81,,"Community Health Center, Inc. is a leading healthcare provider in CT, building a world-class primary health care system committed to caring for the underserved.",Connecticut,https://t.co/uuC6EoRLLf,,,0
2293821884,Representative Tom Sullivan,Sully_720,Thu Jan 16 04:18:22 +0000 2014,4861,487,518,1165,57,,"Representative for Colorado’s HD 37. Air Force veteran, retired postal worker, Alex’s dad. Looking forward to my work in the 2019 #coleg session.",Centennial CO,https://t.co/AHLGcyKZPh,,,1
1148468052,Newtown Action,NewtownAction,Mon Feb 04 16:39:21 +0000 2013,31348,3228,4991,19719,371,,Newtown Action Alliance is a national grassroots grp formed after the shooting at Sandy Hook Elementary School to bring about legislative & cultural change.,"Sandy Hook, Connecticut ",https://t.co/VvvH6TguCE,,,1
1517148541,Jr. Newtown Action Alliance,Junior_NAA,Fri Jun 14 17:44:40 +0000 2013,1296,264,1614,2005,25,,Students from Newtown High School working to #HonorWithAction to #EndGunViolence in America for 6+ years #neverforget the 26!,"Sandy Hook, CT",https://t.co/uLZbcdy6yJ,,,0
222319683,Abbey Clements,abbeyclements,Fri Dec 03 02:19:30 +0000 2010,3182,3015,46546,19799,50,,Teacher. GVP activist. Mom. Views are my own.,"Connecticut, USA",,,,0
716854997,John I. Board,JohnBoardCT,Tue Oct 15 23:33:42 +0000 2013,415,1146,7109,2590,1,,"An innovative, passionate, & outspoken leader who pursues change & make a difference in the community. Team 26 Coms. @nb_pride chair. (visits @CityofSarasota)","Connecticut, USA",,,,0
921777075186487296,Jeremy Stein,JeremyIanStein,Sat Oct 21 16:35:55 +0000 2017,519,721,657,726,7,,"Executive Director of CT Against Gun Violence, @CAGVNews, #CAGV, #EndGunViolence","Connecticut, USA",,,,0
16513335,VoteVets,votevets,Mon Sep 29 16:00:48 +0000 2008,160506,3628,11156,15451,1549,,"Blocked by @realDonaldTrump. Since 2006, 600K veterans, military families, & supporters have been electing Veterans to office & fighting for progressive values.",United States,https://t.co/7RdMwFqnKv,,,1
2996801,WBUR,WBUR,Fri Mar 30 17:54:53 +0000 2007,78435,2227,2068,154222,2612,,Boston's NPR News Station - 90.9 FM. Mass. home of @WBURartery @CogWBUR @CommonHealth @BostonomiX @RadioBoston @OnPointRadio  @HereAndNow @OnlyAGameNPR,Boston,http://t.co/SXUqvnO0f6,,,1
892807102917464064,Amber Gustafson,AmberForIowa,Wed Aug 02 17:59:35 +0000 2017,2173,579,8375,4516,31,,Sm Biz Owner - Farm Kid - Yogi - Political Junkie - SciFi Fan @ISU_GSJC '99 @drakeuniversity '21 Fmr: IA Chapter Leader @MomsDemandAction & IA SD19 Candidate,"Ankeny, IA",,,,1
72846479,Po Murray,po_murray,Wed Sep 09 13:02:50 +0000 2009,2944,681,2075,7772,91,,Mom/Chair of @NewtownAction & @theNewtownFdn /Organizer @WomensMarchCT /Board @SUPGVnetwork @GunsDownAmerica @SurvivorsEmp @GV_pedia /Views are my own.,"Sandy Hook, Connecticut",,,,0
18028893,Jesse Rodriguez,JesseRodriguez,Wed Dec 10 20:09:02 +0000 2008,30830,9053,2211,23275,937,,Director of Booking for @MSNBC; E-mail: Jesse.Rodriguez@nbc.com,"New York, NY",https://t.co/5TAF6ijWwt,,,1
2706430603,K. Louise Neufeld,ninaandtito,Mon Aug 04 11:56:50 +0000 2014,44446,6415,186744,107977,342,,corruption analyst/dives into #TrumpRussia & #TransnationalOrganizedCrime/mother of dogons🐶Nina🐶Tito/ex-GS & hedge fund/Econ & Finance nerd/🦉🇺🇸⚖️,NYC-LA. Bicoastal Betch.,https://t.co/oOeCSGd7MS,,,0
33953364,AmyMarieUNC,amyhef,Tue Apr 21 16:23:06 +0000 2009,162,933,4981,2069,2,,"Carolina girl, animal lover, raising three girls to rock the world. Moms Demand Action member #expectus2020 #everywhere",NJ and NC best of both worlds,,,,0
805303786008932352,empress of emeralds,emeraldsempress,Sun Dec 04 06:52:39 +0000 2016,47,173,1089,1225,1,,Self-Appointed,,,,,0
91180720,Maddow Blog,MaddowBlog,Thu Nov 19 20:06:48 +0000 2009,944886,868,43,21854,9061,,Rachel Maddow and her staff have a blog. This is its voice on Twitter.,New York City,http://t.co/S4bi1oCj3l,,,1
120929251,Briana K. Stewart,BrianaKStewart,Mon Mar 08 01:08:57 +0000 2010,468,920,44,138,38,,@ABCNews Campaign Reporter covering the 2020 U.S. Election • Instagram: BrianakStewart • Have a tip? DM me!,New York,https://t.co/pcAOFmMRSY,,,1
150381292,Julia Manchester,JuliaManch,Mon May 31 20:04:10 +0000 2010,3514,3371,3922,16507,75,,Political reporter @thehill covering all things 2020 | In search of a lead and a latte| I tweet about politics...and sometimes the Royal Family,"FL➡️Upstate NY➡️Washington, DC",https://t.co/nj8ZuwCOBM,,,1
13850422,CNN Politics,CNNPolitics,Sat Feb 23 03:12:49 +0000 2008,2831246,342,9,152117,15890,,"Political news, campaign stories and Washington coverage from CNN's political team.","Washington, D.C.",https://t.co/KWFMkrEjdY,,,1
190367518,Conversations on Health Care,chcradio,Mon Sep 13 19:39:10 +0000 2010,762,763,390,717,56,,Conversations on Health Care is a public radio show about the opportunities for reform and innovation in the health care system.,"Middletown, CT",http://t.co/3zPlIdX91A,,,0
887418059501305858,TheBeat w/Ari Melber,TheBeatWithAri,Tue Jul 18 21:05:27 +0000 2017,181963,821,1393,9854,1095,,"The Beat with @AriMelber is MSNBC’s 6pm show covering news, politics, law & culture | Podcast 👇","New York, NY",https://t.co/2Az6nOUxkF,,,1
20512928,The Newtown Bee,TheNewtownBee,Tue Feb 10 13:30:39 +0000 2009,5128,0,88,16721,146,,"Since 1877, the hometown news outlet of Newtown, Connecticut","Newtown, Connecticut",http://t.co/YoGFjduXeN,,,0
110899711,California Democratic Party,CA_Dem,Wed Feb 03 04:07:45 +0000 2010,32147,1823,5967,18095,748,,The official Twitter account of the nation’s largest state Democratic Party. #Californialeads,"California, USA",https://t.co/InexQGo6V1,,,1
244193260,Ben Adler,adlerben,Fri Jan 28 19:05:58 +0000 2011,10685,1557,3,19679,418,,"@CapRadioNews Capitol Bureau Chief, @PRPDorg board member, baseball fan(atic), Northwestern Wildcat. RT's aren't endorsements.","Sacramento, CA",https://t.co/KgwYjIeexx,,,0
14775998,David Siders,davidsiders,Wed May 14 17:47:49 +0000 2008,18075,3438,615,9336,640,,"National political correspondent, Politico. Reach me at dsiders@politico.com.",,https://t.co/BE5JFzDYxs,,,1
401625957,Steven Rattner,SteveRattner,Sun Oct 30 20:51:15 +0000 2011,69140,274,142,8506,1298,,Former head of Obama Auto Task Force. Wall Street financier. Contributing Writer to NY Times Op-Ed. Morning Joe Economic Analyst. 🌐,New York,https://t.co/FHS9KtnMfe,,,1
14340977,Henry J. Gomez,HenryJGomez,Wed Apr 09 11:42:46 +0000 2008,18172,1156,3217,44145,853,,"National political reporter @BuzzFeedNews. Previously: The Plain Dealer, Crain’s, other places, and Cinnabon. Please send all tips to henry.gomez@buzzfeed.com",Ohio,https://t.co/A1ORUuxxfw,,,1
15198507,Mark McKinnon,mmckinnon,Sun Jun 22 16:16:18 +0000 2008,51400,72,29318,4068,734,,"Creator, executive producer, co-host:  The Circus: on SHOWTIME Mark.McKinnon@HKStrategies.com","Blue River, Colorado (Population 800)",https://t.co/Wp9JuWJmS0,,,1
1286312880,All In w/Chris Hayes,allinwithchris,Thu Mar 21 15:59:46 +0000 2013,294086,521,713,16871,2339,,@chrislhayes hosts the Emmy Award-winning 'All In' weeknights at 8pm on @msnbc. Follow the conversation along with other #inners.  https://t.co/s1OQXsgvxV,,http://t.co/W3e1qP8zTC,,,1
52530334,Iowa Press,IowaPress,Tue Jun 30 21:39:59 +0000 2009,4483,563,226,2209,155,,"Politics, Newsmakers, Reporters, and a weekly Iowa tradition for more than 40 years on @IowaPublicTV","Johnston, Iowa",https://t.co/WMFzQnLNvl,,,1
700784500658208768,Cheddar,cheddar,Fri Feb 19 20:50:19 +0000 2016,232442,7090,11047,31527,1933,,"Cheddar covers the latest in news, business, media, and tech. Live weekdays from 7am - 5pm EST. https://t.co/5m4mtcooOd","New York, NY",https://t.co/tf0BsbRMXt,,,1
42343110,benjamin folds,BenFolds,Mon May 25 03:43:03 +0000 2009,829263,4,18,7220,7979,,i play piano,nashville,https://t.co/142x03Bj57,,,1
22677427,Michael Smerconish,smerconish,Tue Mar 03 20:52:50 +0000 2009,185065,1862,1182,20752,1996,,"SiriusXM POTUS Channel 124 9am-12 ET daily, Encore 9pm-12 ET. CNN Saturdays 9am ET. https://t.co/xDP9t0RrUL YouTube Channel https://t.co/EiqeRKaKch","Philadelphia, PA",http://t.co/LMV9YYsuGp,,,1
33281866,College and Young Dems of Iowa,CYDiowa,Sun Apr 19 19:05:44 +0000 2009,2053,800,1001,2945,79,,The official Twitter of the College and Young Democrats of Iowa. #BeTheBlueWave,Iowa,https://t.co/kqJRsViYXK,,,0
73305308,Paige Godden,PaigeGodden,Fri Sep 11 04:04:49 +0000 2009,930,2116,548,938,56,,"Business Manager/Editor/Covering Labor Issues at https://t.co/ybmHDmiHRV 

Assistant Editor of the Indianola Independent Advocate
https://t.co/rHaeUcS4Ra","Panora, IA",,,,0
2359557667,Caroline Cummings,CaroRCummings,Mon Feb 24 14:04:06 +0000 2014,2000,1368,3581,6392,76,,"Covering Iowa politics and #ialegis for @cbs2iowa, @SiouxlandNews, @KHQA, @KTVOTV @fox42kptm. D.C. native. Proud @merrillcollege Terp. Breakfast food fanatic.","Des Moines, IA",https://t.co/k80l7aBzEg,,,1
24454808,Erin D-R,ErinD_R,Sun Mar 15 00:05:14 +0000 2009,549,1186,342,1538,21,,"feminist, repro-rights advocate, Iowan, Iowa ED of @PPHeartland, @PPVotesIA, champion of good causes. thoughts are all mine.","Des Moines, IA",,,,0
19785310,Bleeding Heartland,LauraRBelin,Fri Jan 30 20:06:08 +0000 2009,11176,1467,83408,85965,518,,"Reporter, commentator covering Iowa politics for the progressive website Bleeding Heartland. Was called ornery by one state lawmaker and a traitor by another.","Windsor Heights, Iowa",http://t.co/vkjjXRRVhN,,,0
44920389,Joyce Kazadi,JKazadi,Fri Jun 05 15:46:21 +0000 2009,3169,776,6358,2946,78,,congolese-american | director of advance @kamalaharris | former dir. partner engagement @Axios | proud @HFA alum | fierce taco truck on every corner advocate,DRC | ATL | DC | BWI,https://t.co/a36Tm8jVUo,,,0
23112236,On Point - NPR,OnPointRadio,Fri Mar 06 20:15:32 +0000 2009,65517,948,26960,100302,1874,,"NPR's On Point, a two-hour live show on the news, culture and more. Hosted by @MeghnaWBUR and @davidfolkenflik. Weekdays from 10 to noon EST.","WBUR, stations nationwide",https://t.co/yMzOGT3sdF,,,1
243639047,James Pindell,JamesPindell,Thu Jan 27 13:58:54 +0000 2011,41071,4003,4393,2254,1273,,Boston Globe political reporter James.Pindell[at]https://t.co/It2FT9NCpk. @wbur political analyst. Go Sox and @ChelseaFC.,"Electoral College, USA",https://t.co/93IZM7VXJa,,,1
397428413,Karen Shiffman,kasshiff,Mon Oct 24 17:39:14 +0000 2011,1392,532,3500,8334,70,,Executive Producer @WBUR and @NPR @onpointradio. @BarnardCollege  & @Harvard graduate. Fenway faithful.,"Boston, MA",https://t.co/Kva7aFt3jG,,,0
23501907,NALEO Educational Fund,NALEO,Mon Mar 09 21:10:21 +0000 2009,30213,5243,4213,23198,545,,National Association of Latino Elected and Appointed Officials (NALEO). RTs and Follows ≠ endorsements. Follow our Chief Executive Officer @ArturoNALEO!,"Non-Partisan, Nationwide",,,,1
47954642,National Press Club,PressClubDC,Wed Jun 17 13:11:22 +0000 2009,21173,5529,10092,22680,807,,"The World's Leading Professional Organization for Journalists™, Communicators & Newsmakers•Est 1908•@NPCInstitute•@4thEstate•Here: Member Events•#NPCLive","529 14th St NW, Washington, DC",https://t.co/QuksEvzyUt,,,1
17027394,Donna Leinwand Leger,DonnaLeinwand,Tue Oct 28 19:52:57 +0000 2008,5856,2665,919,18203,221,,"Journalist. Former managing editor of USA TODAY, past president of National Press Club, traveler, weekend Betty Crocker, wine lover. Media leader #WEF18","Washington, DC",,,,1
22508206,Timothy Cama,Timothy_Cama,Mon Mar 02 17:28:32 +0000 2009,7828,1008,2026,14805,472,,"Politics and influence at @eenewsupdates. Award-winning and journalist. Pennsyltuckian. Leak to me: tcama@eenews.net, timothy.cama@protonmail.com","Washington, D.C.",https://t.co/2Ao5S6ZLYZ,,,1
226595853,Valerie Volcovici,ValerieVolco,Tue Dec 14 15:41:46 +0000 2010,6703,2206,5885,20928,545,,"Reuters reporter in Washington. Climate, energy, public land policy,  etc. Usual disclaimers apply.","Washington, DC",https://t.co/lsBPD3gpQe,,,1
945745755339411460,Velshi & Ruhle,VelshiRuhle,Tue Dec 26 19:58:53 +0000 2017,23463,87,685,2449,173,,Velshi & Ruhle with @AliVelshi & @SRuhle airs Mon-Fri at 1pm ET. Also see Stephanie at 9am & Ali at 3pm.  Only on @MSNBC.,"Manhattan, NY",https://t.co/33Fo5LrQHn,,,1
8953122,PolitiFact,PolitiFact,Tue Sep 18 15:08:32 +0000 2007,637598,8146,2489,40849,11015,,Home of the Truth-O-Meter and independent fact-checking. Part of @Poynter. Sign up for our daily email https://t.co/bfN0WPdGhm.,"Washington, DC",https://t.co/DPzWZ42N71,,,1
115767285,Rebecca Acuna,racunatx,Fri Feb 19 21:47:19 +0000 2010,2311,1651,275,6260,68,,Texan. Alumna of the #txlege. Proud #Longhorn. Team Dallas. Mexican food snob. Cute shoes & trails.,"Dallas, TX",,,,0
1029085607535030272,NBCUniversal Telemundo Enterprises,NBCUTelemundo,Mon Aug 13 19:21:43 +0000 2018,703,195,230,280,5,,"NBCUniversal Telemundo Enterprises is a division of NBCUniversal, one of the world's leading media and entertainment companies.","Miami, FL",,,,1
102789020,PP South Atlantic SC,PPSATSC,Thu Jan 07 20:58:40 +0000 2010,1899,1282,358,6434,68,,"Planned Parenthood Votes! South Atlantic in South Carolina. We lobby, mobilize & advocate for women's access to basic health care in South Carolina.",South Carolina,https://t.co/lwqK3YkMrf,,,1
2397172687,Planned Parenthood Texas Votes,PPTXVotes,Wed Mar 19 03:14:48 +0000 2014,4760,1351,4969,18204,91,,"Act. No matter what. Tweets related to TX candidates are pol ads paid for & authorized by PPTV PAC. Follow, like, or RT ≠ endorsement.",Texas,https://t.co/2FxILZrbz2,,,0
22162854,Planned Parenthood Action,PPact,Fri Feb 27 17:18:45 +0000 2009,495978,2281,5949,45937,5346,,"Paid for in part by Planned Parenthood Votes, 123 William St., NY NY 10038. Not authorized by any candidate or candidate's committee.",USA,https://t.co/MwnKtaso7n,,,1
1163618839,Andrew Solender,AndrewSolender,Sat Feb 09 17:54:41 +0000 2013,2866,618,18809,10086,38,,"Political reporter, dollar store Michael Cera | now: @MSNBC | Editor: @VassarPoliRev | past: @Chronogram, @CityandStateNY, @InsideSourcesDC | Opinions are mine","Kingston, NY",https://t.co/L82d1csUJo,,,0
2831830240,Planned Parenthood Southeast Advocates,PPSE_Advocates,Wed Oct 15 15:21:55 +0000 2014,2783,522,449,1888,44,,"As the advocacy and political arm of Planned Parenthood Southeast, PPSE Advocates engage in electoral activities including voter education & mobilization.",,https://t.co/20dBEbxfE5,,,0
459666698,Taylor Wilson,twilson_tpp,Mon Jan 09 22:45:38 +0000 2012,662,559,20949,9941,22,,"I am a Communications & Advocacy Director to #ENDALZ, animal advocate, public health nerd, data enthusiast, volunteer, and dog owner! Views are my own.",,,,,0
894680030361636865,SE Cupp Unfiltered,UnfilteredSE,Mon Aug 07 22:01:56 +0000 2017,16108,18,2,1368,155,,"Right to the point. Join @secupp on @CNN, Saturdays at 6p ET.",,,,,1
1116704971620323329,51 for 51,51for51,Fri Apr 12 14:09:47 +0000 2019,776,43,141,182,4,,Fighting to make DC the 51st state with 51 votes in the Senate. #51for51,"Washington, DC",https://t.co/FwudY6MOOb,,,0
605153786,"Leana Wen, M.D.",DrLeanaWen,Mon Jun 11 05:56:19 +0000 2012,71788,3511,4526,21329,937,,"President of Planned Parenthood Action Fund @PPact. Pres/CEO of @PPFA. Fmr Baltimore City Health Commissioner. Emergency physician, patient advocate, Eli's Mom.","Baltimore, MD",https://t.co/12CHSWECs1,,,1
19268706,S.E. Cupp,secupp,Wed Jan 21 01:05:51 +0000 2009,408971,7421,9900,32556,7548,,"JOBS: Host of ""SE Cupp Unfiltered"" on CNN, Sat 6pmET, and NYDN. LIKES: John. RELIGION: Jack. SIGN: The one no one gets along with. SKILLS: @jeopardy winner.",Instagram @secupp,https://t.co/AJBGOqHXys,,,1
1548489476,POLITICO Magazine,POLITICOMag,Wed Jun 26 15:44:07 +0000 2013,79736,169,409,53928,1922,,Hard-hitting reporting and original ideas about the stories that matter most. Sign up for our weekly email: https://t.co/qTUx8y5JRl,,http://t.co/o4DemqxHzp,,,1
8036392,NBC News NOW,NBCNewsNow,Tue Aug 07 19:00:05 +0000 2007,83694,395,1081,37873,2010,,A new streaming news channel from @NBCNews.,"New York, NY",https://t.co/C2ejYb9499,,,1
88223320,Grace Panetta,grace_panetta,Sat Nov 07 16:57:16 +0000 2009,923,971,9963,1494,20,,"Politics editorial fellow @businessinsider covering 2020, etc. RTs/likes=👀 not 👍🏼 Send tips/dogs/memes to gpanetta@insider.com, DMs open","New York, NY",https://t.co/N9qln5XbI6,,,0
804015436979277824,Crooked Media,crookedmedia,Wed Nov 30 17:33:12 +0000 2016,312408,1,174,5582,2325,,A political conversation for people who aren't ready to give up or go insane. Sign up for our newsletter: https://t.co/9J5Tx5Kxtd,"Los Angeles, CA",https://t.co/dZmbRJOcgu,,,1
441307652,Jacklyn Thrapp,JackiThrapp,Mon Dec 19 23:37:36 +0000 2011,1051,1739,6489,26209,51,,"Emmy® Award-Winning Journalist | Writer @FoxNews | @GMNYMusical opens Off-Broadway @PlayersNYC Jan 9, 2020| Doc Filmmaker | @MakingMusicals Podcast on iTunes","New York, NY",https://t.co/Cn7JG3sLhH,,,0
17006036,NARAL,NARAL,Mon Oct 27 20:11:49 +0000 2008,192803,5957,20268,57272,2896,,NARAL Pro-Choice America fights to protect & expand reproductive freedom for all. #StopTheBans,"Washington, DC",https://t.co/FVWpmRfmi7,,,1
152142811,Noticias Telemundo,TelemundoNews,Sat Jun 05 05:22:50 +0000 2010,687286,862,362,126553,2784,,"Noticias del 🌎 y de nuestra comunidad, #LasCosasComoSon",United States,https://t.co/9DyssB93b6,,,1
34713362,Bloomberg,business,Thu Apr 23 20:05:17 +0000 2009,5407371,1252,478,469418,51962,,The first word in business news.,New York and the World,http://t.co/YFISwy1upH,,,1
319100065,NationalActionNet,NationalAction,Fri Jun 17 15:20:34 +0000 2011,34756,1063,8470,22975,579,,"National Action Network (NAN) is one of the leading civil rights organizations in the Nation, with chapters throughout the entire U.S. #nojusticenopeace",New York and Regional Offices,https://t.co/girgO4J2Vk,,,1
196536113,Ferguson J. Yacyshyn,Fergy941,Wed Sep 29 10:24:25 +0000 2010,1609,1320,3132,599,44,,"IA Caucus Director for @hickenlooper. Organizing with heart, fighting to put people first, fan of Boston sports. Always a Neighborhood Team Leader for @OFA_FL.","Des Moines, IA",,,,0
30364057,Sarah Silverman,SarahKSilverman,Sat Apr 11 01:28:47 +0000 2009,12575706,1476,28166,14985,55148,,we're on a planet in outer space,state of Palestine ,https://t.co/Ywya9FlLIg,,,1
205392468,Face The Nation,FaceTheNation,Wed Oct 20 19:37:47 +0000 2010,474216,1291,19,27773,2366,,"Moderated by @margbrennan of @CBSNews, we are America's premier public affairs program |  📸 IG: @facethenation","Washington, DC",http://t.co/mEuxzh5BbK,,,1
15012486,CBS News,CBSNews,Thu Jun 05 00:54:31 +0000 2008,6773861,454,288,217943,49972,,Your source for original reporting and trusted news.,"New York, NY",https://t.co/VGut7r2Vg5,,,1
